Open,High,Low,Close,Volume,Adj Close,Favorable
82.07,83.849998,81.910004,83.449997,4137400,83.449997,YES